
INSERT INTO category (id, name) VALUES ('297dca85-53fd-4e56-b023-c5bc456b9a39', 'Business');
INSERT INTO category (id, name) VALUES ('279fc672-dd59-4b80-bbbd-9d44e2a91d53', 'Management');
INSERT INTO category (id, name) VALUES ('f91373aa-3031-4a18-a14e-a6637e96b740', 'Advertising');
INSERT INTO category (id, name) VALUES ('782d4f93-9780-4988-99af-9d0d70dc0692', 'Information Technology');
INSERT INTO category (id, name) VALUES ('f1cfa29e-036c-4b3b-ada9-998e659ae36d', 'Money');
INSERT INTO category (id, name) VALUES ('be224aec-c6c0-415f-a92b-b451b12e6f4f', 'Philosophy');

INSERT INTO book (id, title, author, category_id, isbn, published_at, publisher, cover_url, overview, key_insights) VALUES ('ab917ee9-bf28-41ff-b914-550728159fae', '13 Ways Businesses Could Help the Cubs Win the World Series', 'Valencia De Ruel', '297dca85-53fd-4e56-b023-c5bc456b9a39', 9788444826103, '2020-05-05', 'Penguin Random House', 'https://pics.cdn.librarything.com/picsizes/84/1e/841ef5e2f3080105937616b5477444341587343.jpg', 'Lorem ipsum dolor sit amet, consectetur adipiscing elit. Suspendisse vitae nisi at nisi blandit facilisis. Ut quis luctus orci, a mollis ex. Integer at quam condimentum magna rhoncus condimentum', '{"Lorem ipsum dolor sit amet, consectetur adipiscing elit. Cras at justo ac quam placerat accumsan non in ante. Duis varius leo ut dui vehicula mollis. Donec ullamcorper molestie pharetra. Morbi at ante non leo tempor gravida. Nunc varius at magna eget cursus. Nulla suscipit ex diam, nec volutpat erat imperdiet id. Phasellus vel vehicula lorem. Nulla facilisi. Quisque condimentum lacus metus. Suspendisse quis fermentum metus, eget dignissim nisl. Nulla in felis quis velit fringilla maximus. Phasellus ut metus non velit congue scelerisque. Duis vitae elit ligula. Vestibulum scelerisque metus et commodo dapibus. Nullam ac odio eget lectus interdum egestas ac vel quam.", "Quisque sagittis dui sit amet ullamcorper ullamcorper. Maecenas tempus dapibus tortor, in placerat nulla tincidunt vel. Integer euismod leo nec hendrerit cursus. Pellentesque sit amet ante efficitur, ornare velit eu, ornare mi. Sed dignissim ut libero non interdum. Morbi vel tellus condimentum, condimentum erat ac, varius eros. Proin ac varius eros.", "In sit amet suscipit metus. Nulla mattis orci at tristique laoreet. Nam ut porta est. Nunc facilisis at quam pellentesque tempus. Vestibulum ante ipsum primis in faucibus orci luctus et ultrices posuere cubilia Curae; Nulla facilisis, eros sed ultricies lobortis, eros dolor semper magna, ut tristique mauris leo egestas tortor. Integer in tristique enim."}');
INSERT INTO book (id, title, author, category_id, isbn, published_at, publisher, cover_url, overview, key_insights) VALUES ('c126d948-7e48-489f-a51e-c7b21a63b418', 'How Management Can Keep You from Management', 'Misti McAulay', '279fc672-dd59-4b80-bbbd-9d44e2a91d53', 9780289989005, '2020-04-04', 'Hachette Livre', 'https://pics.cdn.librarything.com/picsizes/84/1e/841ef5e2f3080105937616b5477444341587343.jpg', 'Curabitur tempor eleifend ultricies. Etiam eu bibendum velit. Duis tincidunt, purus non egestas viverra, elit dui egestas velit, in accumsan purus ante porttitor est. Quisque feugiat venenatis lacus at porttitor. Nulla facilisi.', '{"Aenean non faucibus risus. Nulla quis aliquam elit, quis tempus ligula. Cras nec leo sit amet ipsum aliquam condimentum eget sed elit. Integer eu iaculis ante. Mauris id ante efficitur, vestibulum nisl ultrices, molestie dui. Sed id neque eu turpis semper ultricies. Nam lectus felis, sollicitudin sit amet risus ut, imperdiet aliquet ligula. Maecenas rhoncus erat sed justo vestibulum, id elementum felis mollis. Sed finibus felis malesuada aliquet commodo. Sed pulvinar laoreet dolor, id suscipit neque eleifend ut. Sed a porta dolor.", "Morbi non dui libero. Proin orci est, gravida ut quam a, molestie rhoncus mauris. Integer justo urna, sagittis ac nulla quis, placerat consequat neque. Lorem ipsum dolor sit amet, consectetur adipiscing elit. Etiam porta ipsum vitae luctus aliquam. Praesent ultrices dui sapien, eget tempus sapien pellentesque sit amet. Fusce convallis, turpis vel vulputate luctus, odio est tristique tellus, eget accumsan nunc odio vel nulla. Nullam mattis at nibh ut fringilla. Sed a sollicitudin felis, non malesuada nibh. Morbi non mi tellus. Nam sagittis dui vel nisl iaculis, eget laoreet elit finibus. Suspendisse in viverra felis, id luctus metus. Pellentesque faucibus tellus id urna imperdiet blandit. Duis eget est id eros ultricies pretium at a ligula.", "Nullam eget eros eu risus venenatis pharetra. Etiam sit amet ornare eros, fringilla efficitur ligula. In congue purus et tellus aliquet gravida sit amet non nunc. Nunc rhoncus gravida enim. Aenean quis massa quis ante dictum vehicula quis eget tortor. Morbi vitae tellus risus. Aliquam feugiat arcu quis sapien viverra, eu consectetur nunc tempus. Fusce suscipit tincidunt felis eget rutrum. Orci varius natoque penatibus et magnis dis parturient montes, nascetur ridiculus mus. Nulla viverra ligula ligula, sit amet finibus urna facilisis sed. Ut sollicitudin velit nec volutpat convallis."}');
INSERT INTO book (id, title, author, category_id, isbn, published_at, publisher, cover_url, overview, key_insights) VALUES ('b8299f2e-0804-4bc8-b0f1-4660bbabbeb4', 'How Advertising Can Get You Your Heart''s Desire', 'Sean Carlisi', 'f91373aa-3031-4a18-a14e-a6637e96b740', 9787391959308, '2020-03-03', 'HarperCollins', 'https://pics.cdn.librarything.com/picsizes/84/1e/841ef5e2f3080105937616b5477444341587343.jpg', 'Nulla nisi nulla, laoreet a pharetra in, porta vel lacus. Morbi eu pharetra ipsum. Pellentesque eget elementum nunc, in ornare ipsum', '{"Aliquam rhoncus libero a elit malesuada, ut interdum orci vestibulum. Nam efficitur nulla est, eget maximus ipsum aliquet pulvinar. Vivamus mattis non est in sagittis. Orci varius natoque penatibus et magnis dis parturient montes, nascetur ridiculus mus. Suspendisse potenti. Donec porttitor id tellus nec lacinia. Suspendisse potenti.", "Donec et nisl nisi. Cras consequat vitae mauris id porttitor. Morbi pretium porttitor elit sodales vehicula. Vivamus eget nisi at magna molestie semper ut at augue. Nullam faucibus massa vel tempor congue. Class aptent taciti sociosqu ad litora torquent per conubia nostra, per inceptos himenaeos. Sed vehicula velit id enim accumsan auctor.", "Quisque sagittis suscipit nunc vitae hendrerit. Nulla eu ornare ipsum, sed semper lectus. Quisque non lectus ultricies, volutpat nibh eu, tristique lorem. Duis eget ultricies elit. Mauris efficitur magna vestibulum augue auctor, fermentum interdum eros ultricies. Aliquam erat volutpat. Proin tempus, velit et facilisis dignissim, risus justo molestie diam, eget fermentum turpis nunc et turpis. Quisque erat enim, iaculis vel sem in, euismod maximus ipsum. Praesent id lobortis massa. Proin ultricies, lorem a gravida iaculis, purus arcu accumsan nibh, sit amet ornare risus velit sit amet urna."}');
INSERT INTO book (id, title, author, category_id, isbn, published_at, publisher, cover_url, overview, key_insights) VALUES ('47548831-e2a2-45ba-8c39-776dbd47b308', 'Why IT is Worse than Not Getting a Rose', 'Vandervort-Willms', '782d4f93-9780-4988-99af-9d0d70dc0692', 9788134738464, '2020-03-03', 'Macmillan Publishers', 'https://pics.cdn.librarything.com/picsizes/84/1e/841ef5e2f3080105937616b5477444341587343.jpg', 'Donec ut sagittis dui. Pellentesque convallis ultrices placerat. Quisque dignissim elementum leo, ut gravida libero tincidunt in. Maecenas vel rutrum erat, id blandit nulla. Integer ac neque vitae tellus venenatis mollis eget nec eros. Duis facilisis sed orci vitae vulputate.', '{"Sed pharetra urna felis, ac convallis mi tristique ut. Nam accumsan mi non egestas convallis. Fusce mi augue, consequat at iaculis in, laoreet suscipit arcu. Sed sagittis nunc sem, id egestas felis fringilla id. Vivamus ultricies leo dui. Suspendisse turpis ante, molestie non viverra rhoncus, vestibulum at risus. Pellentesque malesuada sed massa semper tincidunt. Nulla vestibulum scelerisque dolor sit amet porta. Aliquam sodales lacus vel massa tincidunt dictum. Sed id velit ac risus lobortis venenatis. Donec efficitur felis tellus, eget bibendum ante suscipit sed. Vivamus luctus lacus a turpis cursus tempus. Proin convallis est quis urna pretium, molestie rutrum dolor fringilla. Nullam tempus maximus tempus. Pellentesque mattis elementum urna, ut facilisis turpis tempus sed. Aenean consectetur, mi at sodales interdum, nibh nulla consequat tellus, a commodo massa nisi id ipsum.", "Nullam hendrerit scelerisque dui vel malesuada. Proin semper nisl tempor blandit tempor. Donec neque risus, sodales quis finibus in, elementum at nisl. Sed tempus porttitor lorem. Curabitur pulvinar lacinia nisi sit amet tempor. Aliquam semper augue dui, id sagittis tellus commodo a. Morbi ullamcorper odio non elit porttitor dapibus. Quisque posuere urna vitae eros pretium ultricies non varius lectus. Donec a mi non arcu dignissim volutpat et eget diam.", "Integer risus mi, convallis quis finibus quis, rutrum id sapien. Aenean dapibus scelerisque augue ac pulvinar. Maecenas dignissim urna id rutrum laoreet. Vivamus volutpat et est a mollis. Nulla molestie, leo quis sollicitudin consequat, lorem nisi rutrum tellus, scelerisque blandit risus diam et risus. Vestibulum ante ipsum primis in faucibus orci luctus et ultrices posuere cubilia Curae; Nulla purus nunc, gravida vel ultrices placerat, tincidunt nec lacus. Etiam et malesuada erat. Fusce finibus diam egestas massa blandit, nec ullamcorper libero feugiat. Nam ac laoreet dui, at lobortis libero. Vestibulum vehicula gravida lectus, sed mollis ipsum. Mauris id tellus in purus dictum molestie ac sit amet enim."}');
INSERT INTO book (id, title, author, category_id, isbn, published_at, publisher, cover_url, overview, key_insights) VALUES ('2ea50a52-8e21-4836-8180-d4f52efbc05a', 'Why Do People Think Money is a Good Idea?', 'Jessi Caldero', 'f1cfa29e-036c-4b3b-ada9-998e659ae36d', 9780903638586, '2020-02-02', 'Simon & Schuster', 'https://pics.cdn.librarything.com/picsizes/84/1e/841ef5e2f3080105937616b5477444341587343.jpg', 'Maecenas ultrices justo nisl, at lobortis libero aliquet vel. Ut in porta risus. Mauris non condimentum urna. Duis finibus tincidunt sapien quis lobortis.', '{"Donec volutpat velit eget semper sodales. Donec sed euismod enim. Nam varius nibh nec diam gravida, a dapibus orci lobortis. Mauris accumsan convallis quam, ut venenatis ex malesuada a. Nunc semper, lorem eu pulvinar facilisis, risus nunc bibendum felis, eget fringilla orci ante in dolor. In porta convallis sapien, eu lobortis nisi vulputate in. Nullam accumsan massa at risus tristique, ut venenatis augue cursus. Fusce at neque ac leo blandit convallis at et orci. Integer dignissim tortor non ipsum aliquam, sit amet tristique enim auctor. Maecenas quis quam non dolor aliquam fringilla sit amet sit amet lectus. Mauris scelerisque fringilla varius. In suscipit interdum turpis, vitae dignissim neque commodo eu. Sed pulvinar pulvinar augue nec viverra. Nulla eget tortor consectetur, lacinia urna eleifend, congue nulla. Nam risus nunc, facilisis sit amet rutrum nec, imperdiet in nunc.", "Praesent nec dictum diam. Aenean fringilla fringilla leo eu lacinia. Fusce lorem elit, viverra eget porttitor ac, venenatis id nibh. Praesent dictum massa non lectus tempor posuere. Nunc vestibulum et magna in malesuada. Vivamus lacinia imperdiet lorem dapibus malesuada. Aenean ornare porta sollicitudin. Pellentesque nisi ante, vestibulum non ligula non, bibendum sollicitudin tellus.", "Pellentesque ultricies felis elit, a accumsan mauris congue in. Maecenas id hendrerit velit. Sed aliquet, orci nec congue volutpat, nunc mauris pellentesque lectus, et lobortis nisl orci eu ante. Nam varius vehicula turpis, sit amet ultrices massa. Nulla facilisi. Fusce iaculis accumsan quam. Donec rhoncus ante at turpis cursus, pulvinar rutrum velit venenatis. Nullam in magna leo. Ut sodales placerat lacus, ac vestibulum odio tristique et."}');
INSERT INTO book (id, title, author, category_id, isbn, published_at, publisher, cover_url, overview, key_insights) VALUES ('e0d797cf-db9b-4fe3-ae31-3b72bf926e5b', 'The Black Swan', 'Nassim Nicholas Taleb', 'be224aec-c6c0-415f-a92b-b451b12e6f4f', 9780812973815, '2010-05-11', 'Random House Trade Paperbacks', 'https://pics.cdn.librarything.com/picsizes/84/1e/841ef5e2f3080105937616b5477444341587343.jpg', 'Examines the role of the unexpected, discussing why improbable events are not anticipated or understood properly, and how humans rationalize the black swan phenomenon to make it appear less random.', '{"We believed all swans were white, until explorers saw black swans in Australia. Taleb calls an unpredictable, high-impact event a “Black Swan”. But such events catch us by surprise less because they''re random, and more because our worldview is too narrow.", "We try to predict the future by using our past. We are quick to make up plausible stories about complex events, in hindsight giving chaos the illusion of predictability.", "Exacerbating this, most people are overconfident about their knowledge of what''s going on. Often, giving someone more information makes them even more confident and less willing to revise their stance. Especially experts overvalue tidy classifications, aka \"Platonifying\", narrowing the view of what''s possible.\"Survivorship bias\" shows us only the stories and evidence that manages to surface widely, further skewing our understanding.", "Our instinctive rush toward simplified, overconfident explanations about why things happen blocks us from deeper understanding, and undermines our predictions.", "Those who are the least aware of Black Swans will suffer the most. The turkey thinks humans are benevolently feeding it. At Thanksgiving, the farmer is not surprised, but the turkey is. Don''t be a sucker.", "The best strategy for surviving Black Swans is to accept actual ignorance as a starting point, be skeptical of long-term predictions, and to use hedging strategies like insurance and redundancy to reduce risks.", "There are also positive Black Swans that we can take advantage of. By their nature, they are hard to capture with a step-by-step linear plan. Rather, aim for \"planned serendipity\". First, position yourself in a vertical with huge wins, like startups, publishing, research, or entertainment. Then, avoid the obvious local optimum (eg optimizing for salary). Don’t aim for a detailed long-term plan, just move in the right direction. Network. Experiment. Seize anything that looks like an opportunity."}');

INSERT INTO recording (book_id, path, format) VALUES ('ab917ee9-bf28-41ff-b914-550728159fae', '1a856d62-f26a-4209-ae2a-936c460dda66.mp3', 'mp3');
INSERT INTO recording (book_id, path, format) VALUES ('c126d948-7e48-489f-a51e-c7b21a63b418', '1a856d62-f26a-4209-ae2a-936c460dda66.mp3', 'mp3');
INSERT INTO recording (book_id, path, format) VALUES ('b8299f2e-0804-4bc8-b0f1-4660bbabbeb4', '1a856d62-f26a-4209-ae2a-936c460dda66.mp3', 'mp3');
INSERT INTO recording (book_id, path, format) VALUES ('47548831-e2a2-45ba-8c39-776dbd47b308', '1a856d62-f26a-4209-ae2a-936c460dda66.mp3', 'mp3');
INSERT INTO recording (book_id, path, format) VALUES ('2ea50a52-8e21-4836-8180-d4f52efbc05a', '1a856d62-f26a-4209-ae2a-936c460dda66.mp3', 'mp3');


-- admin user password "asdf1234"
INSERT INTO account (id, email, password, role) VALUES ('993abdff-7c75-43fb-9238-a8fd13bffd78', 'admin@domain.com', '$2a$10$Ga.kdsed5IQEng6SRNlq3.u14XlcF61MfmPyJCHPckvFxYk0HGbsu', 'admin');
-- all users' passwords are "password123"
INSERT INTO account (id, email, password, role) VALUES ('dfa9eecf-4614-4679-a43e-33aee806fd24', 'user@domain.com', '$2a$10$z9RoIG2WTmQ2UUSaU.HoGO8/Or2EaEbhMsQ6cvpGPA7RbYODcGgLO', 'user');
INSERT INTO account (id, email, password, role) VALUES ('da16fe8a-5224-4891-8afb-bab884f7aa24', 'user2@domain.com', '$2a$10$BjP/a95AhqTJEkdi92AehOUTcYVnfayno7JGdwqmo3Plfx52PzMG.', 'user');
INSERT INTO account (id, email, password, role) VALUES ('81e646da-b3dc-4380-aa63-ac58b74b1689', 'user3@domain.com', '$2a$10$zE95nXqO2gJiro5YTvlGQ.q6Ny9JIbhegdWS.dARdG4I6Wpnn47bG', 'user');

INSERT INTO book_star (book_id, account_id) VALUES ('ab917ee9-bf28-41ff-b914-550728159fae', 'dfa9eecf-4614-4679-a43e-33aee806fd24');
INSERT INTO book_star (book_id, account_id) VALUES ('ab917ee9-bf28-41ff-b914-550728159fae', 'da16fe8a-5224-4891-8afb-bab884f7aa24');
INSERT INTO book_star (book_id, account_id) VALUES ('c126d948-7e48-489f-a51e-c7b21a63b418', 'dfa9eecf-4614-4679-a43e-33aee806fd24');
INSERT INTO book_star (book_id, account_id) VALUES ('b8299f2e-0804-4bc8-b0f1-4660bbabbeb4', 'dfa9eecf-4614-4679-a43e-33aee806fd24');
INSERT INTO book_star (book_id, account_id) VALUES ('47548831-e2a2-45ba-8c39-776dbd47b308', 'dfa9eecf-4614-4679-a43e-33aee806fd24');
INSERT INTO book_star (book_id, account_id) VALUES ('2ea50a52-8e21-4836-8180-d4f52efbc05a', 'dfa9eecf-4614-4679-a43e-33aee806fd24');
